{"Mean":{"confidence_interval":{"confidence_level":0.95,"lower_bound":82.1384464834106,"upper_bound":84.67925873174822},"point_estimate":83.2779867324744,"standard_error":0.6528043960518366},"Median":{"confidence_interval":{"confidence_level":0.95,"lower_bound":80.96518080660974,"upper_bound":81.70693808235194},"point_estimate":81.28690751551198,"standard_error":0.1776187602681438},"MedianAbsDev":{"confidence_interval":{"confidence_level":0.95,"lower_bound":1.1929853675101543,"upper_bound":2.1452239297673237},"point_estimate":1.6003061432219818,"standard_error":0.23631616356772644},"Slope":{"confidence_interval":{"confidence_level":0.95,"lower_bound":81.35469228671614,"upper_bound":82.63982263925008},"point_estimate":81.91795018206524,"standard_error":0.328912439675266},"StdDev":{"confidence_interval":{"confidence_level":0.95,"lower_bound":3.198802262085366,"upper_bound":9.33529828040036},"point_estimate":6.5642412775331405,"standard_error":1.6032472252292942}}