{"Mean":{"confidence_interval":{"confidence_level":0.95,"lower_bound":2856.101276084174,"upper_bound":2880.879146108237},"point_estimate":2867.57733719481,"standard_error":6.346407355336533},"Median":{"confidence_interval":{"confidence_level":0.95,"lower_bound":2846.973384197141,"upper_bound":2868.935553776334},"point_estimate":2856.0710400750745,"standard_error":5.789280813105148},"MedianAbsDev":{"confidence_interval":{"confidence_level":0.95,"lower_bound":30.35248760899138,"upper_bound":50.67515590313405},"point_estimate":36.02939271641,"standard_error":5.304919156846745},"Slope":{"confidence_interval":{"confidence_level":0.95,"lower_bound":2840.5109425829805,"upper_bound":2857.746473348288},"point_estimate":2848.951694876093,"standard_error":4.383985392334925},"StdDev":{"confidence_interval":{"confidence_level":0.95,"lower_bound":40.92500347092486,"upper_bound":88.60965167095581},"point_estimate":63.77762233908864,"standard_error":13.353954500483145}}