{"Mean":{"confidence_interval":{"confidence_level":0.95,"lower_bound":318.3286144215071,"upper_bound":322.86881093282096},"point_estimate":320.37573227539013,"standard_error":1.1592935586570599},"Median":{"confidence_interval":{"confidence_level":0.95,"lower_bound":316.9360535408725,"upper_bound":320.20301530777414},"point_estimate":318.9644933813354,"standard_error":0.830408818009122},"MedianAbsDev":{"confidence_interval":{"confidence_level":0.95,"lower_bound":4.616192522301761,"upper_bound":7.439019312617532},"point_estimate":5.593601739517974,"standard_error":0.7136062565354714},"Slope":{"confidence_interval":{"confidence_level":0.95,"lower_bound":317.1653389424708,"upper_bound":321.5937885416313},"point_estimate":319.27522940317976,"standard_error":1.1265469502008594},"StdDev":{"confidence_interval":{"confidence_level":0.95,"lower_bound":6.456637185520601,"upper_bound":16.91448950231407},"point_estimate":11.616469563412785,"standard_error":2.927627520069238}}