{"Mean":{"confidence_interval":{"confidence_level":0.95,"lower_bound":79.47060435303561,"upper_bound":81.01477125023685},"point_estimate":80.14980393111901,"standard_error":0.39655627385668657},"Median":{"confidence_interval":{"confidence_level":0.95,"lower_bound":78.82939497753377,"upper_bound":79.70818285544067},"point_estimate":79.14660361143324,"standard_error":0.24203338316300738},"MedianAbsDev":{"confidence_interval":{"confidence_level":0.95,"lower_bound":1.2247350691363543,"upper_bound":2.2133051994063164},"point_estimate":1.6603454031886755,"standard_error":0.2460924406429722},"Slope":{"confidence_interval":{"confidence_level":0.95,"lower_bound":79.68723121271431,"upper_bound":81.44075909550514},"point_estimate":80.3646021707961,"standard_error":0.46408218838308796},"StdDev":{"confidence_interval":{"confidence_level":0.95,"lower_bound":1.6914395002454483,"upper_bound":6.030971199314972},"point_estimate":4.020433716690727,"standard_error":1.1567171632986895}}