{"Mean":{"confidence_interval":{"confidence_level":0.95,"lower_bound":26510.6163022732,"upper_bound":26870.14838961662},"point_estimate":26681.763494418,"standard_error":91.80568649357433},"Median":{"confidence_interval":{"confidence_level":0.95,"lower_bound":26446.77422544496,"upper_bound":26786.05945945946},"point_estimate":26580.68970893971,"standard_error":88.43148861749235},"MedianAbsDev":{"confidence_interval":{"confidence_level":0.95,"lower_bound":564.6141983192217,"upper_bound":982.6371672865116},"point_estimate":764.7048355430679,"standard_error":110.8411127951548},"Slope":{"confidence_interval":{"confidence_level":0.95,"lower_bound":26248.237123274146,"upper_bound":26629.490090346284},"point_estimate":26427.180009904983,"standard_error":97.21279746546098},"StdDev":{"confidence_interval":{"confidence_level":0.95,"lower_bound":656.7685578686832,"upper_bound":1187.6437560906943},"point_estimate":919.246791527688,"standard_error":138.6075540340935}}