{"Mean":{"confidence_interval":{"confidence_level":0.95,"lower_bound":2694.2120744803456,"upper_bound":2739.129078565052},"point_estimate":2715.2475264162176,"standard_error":11.46079684662658},"Median":{"confidence_interval":{"confidence_level":0.95,"lower_bound":2671.5751079277866,"upper_bound":2705.6484962406016},"point_estimate":2690.3250864875863,"standard_error":8.198949221426048},"MedianAbsDev":{"confidence_interval":{"confidence_level":0.95,"lower_bound":54.835651611063064,"upper_bound":89.93587075799842},"point_estimate":76.52795245435462,"standard_error":9.174255886002786},"Slope":{"confidence_interval":{"confidence_level":0.95,"lower_bound":2673.702927796681,"upper_bound":2717.7518685960504},"point_estimate":2694.0350640470806,"standard_error":11.245428490639707},"StdDev":{"confidence_interval":{"confidence_level":0.95,"lower_bound":78.64163435416641,"upper_bound":149.4948915947249},"point_estimate":115.25365815378072,"standard_error":18.285777438326743}}