{"Mean":{"confidence_interval":{"confidence_level":0.95,"lower_bound":2734.6369478776046,"upper_bound":2794.2482803126536},"point_estimate":2760.830121165082,"standard_error":15.297329287678819},"Median":{"confidence_interval":{"confidence_level":0.95,"lower_bound":2698.5937986787267,"upper_bound":2747.203983894893},"point_estimate":2710.508953168044,"standard_error":11.086730043858156},"MedianAbsDev":{"confidence_interval":{"confidence_level":0.95,"lower_bound":30.64754891500079,"upper_bound":82.40709806897986},"point_estimate":53.29097236882044,"standard_error":12.963746416206082},"Slope":{"confidence_interval":{"confidence_level":0.95,"lower_bound":2721.175471110236,"upper_bound":2773.7210868708307},"point_estimate":2745.274765742517,"standard_error":13.414023435323612},"StdDev":{"confidence_interval":{"confidence_level":0.95,"lower_bound":76.48797890495143,"upper_bound":232.26727283271586},"point_estimate":154.50624675216636,"standard_error":45.79185420673336}}