{"Mean":{"confidence_interval":{"confidence_level":0.95,"lower_bound":268.48034340266776,"upper_bound":272.09749059588813},"point_estimate":270.1534814010798,"standard_error":0.9252310746307093},"Median":{"confidence_interval":{"confidence_level":0.95,"lower_bound":266.4843093117186,"upper_bound":269.8604402540026},"point_estimate":268.5092349974309,"standard_error":0.751752249549281},"MedianAbsDev":{"confidence_interval":{"confidence_level":0.95,"lower_bound":4.21148698263861,"upper_bound":6.173216815738798},"point_estimate":5.58955579853196,"standard_error":0.5111668517710688},"Slope":{"confidence_interval":{"confidence_level":0.95,"lower_bound":267.97737967109856,"upper_bound":271.72524897141165},"point_estimate":269.5332859344336,"standard_error":0.9696460074651212},"StdDev":{"confidence_interval":{"confidence_level":0.95,"lower_bound":5.9362468188735225,"upper_bound":12.448595506453008},"point_estimate":9.269906172135798,"standard_error":1.69416541031002}}