{"Mean":{"confidence_interval":{"confidence_level":0.95,"lower_bound":2781.1992204503604,"upper_bound":2834.725734517708},"point_estimate":2805.3571518405306,"standard_error":13.707220225946187},"Median":{"confidence_interval":{"confidence_level":0.95,"lower_bound":2767.076550568076,"upper_bound":2801.880869130869},"point_estimate":2777.4224360657727,"standard_error":9.695260618208042},"MedianAbsDev":{"confidence_interval":{"confidence_level":0.95,"lower_bound":60.10003660987874,"upper_bound":101.34871168129864},"point_estimate":86.38586555864859,"standard_error":9.731115728428435},"Slope":{"confidence_interval":{"confidence_level":0.95,"lower_bound":2761.5079864635845,"upper_bound":2799.4703497841174},"point_estimate":2779.70043145712,"standard_error":9.655805962621343},"StdDev":{"confidence_interval":{"confidence_level":0.95,"lower_bound":70.5438032552548,"upper_bound":193.86404443025873},"point_estimate":138.062731689864,"standard_error":32.06797785043502}}