{"Mean":{"confidence_interval":{"confidence_level":0.95,"lower_bound":265.16981372393843,"upper_bound":268.14694231558724},"point_estimate":266.575205197103,"standard_error":0.7637507064828608},"Median":{"confidence_interval":{"confidence_level":0.95,"lower_bound":263.39428373702424,"upper_bound":265.9442912335646},"point_estimate":263.97511296078534,"standard_error":0.6645270098385742},"MedianAbsDev":{"confidence_interval":{"confidence_level":0.95,"lower_bound":3.038375623235727,"upper_bound":5.7587579186650375},"point_estimate":4.206925039621881,"standard_error":0.6828160679767706},"Slope":{"confidence_interval":{"confidence_level":0.95,"lower_bound":264.5582461701871,"upper_bound":268.0446925296163},"point_estimate":266.25580873391783,"standard_error":0.8914541827449156},"StdDev":{"confidence_interval":{"confidence_level":0.95,"lower_bound":5.377040057767041,"upper_bound":10.03161987444955},"point_estimate":7.662018096956091,"standard_error":1.221249363075111}}