{"Mean":{"confidence_interval":{"confidence_level":0.95,"lower_bound":80.21306979498038,"upper_bound":82.34424809618821},"point_estimate":81.05463707568651,"standard_error":0.563361908844739},"Median":{"confidence_interval":{"confidence_level":0.95,"lower_bound":79.55718828997799,"upper_bound":80.34624700538424},"point_estimate":79.91196799654787,"standard_error":0.1987425563623264},"MedianAbsDev":{"confidence_interval":{"confidence_level":0.95,"lower_bound":1.0534979068747228,"upper_bound":1.9894986414737028},"point_estimate":1.6074867225079796,"standard_error":0.23617928164157637},"Slope":{"confidence_interval":{"confidence_level":0.95,"lower_bound":79.98929187953715,"upper_bound":80.92145950030724},"point_estimate":80.42471636093542,"standard_error":0.23878075738940768},"StdDev":{"confidence_interval":{"confidence_level":0.95,"lower_bound":1.7370716260432626,"upper_bound":9.23770467224175},"point_estimate":5.654621983565851,"standard_error":2.4446990347692914}}