{"Mean":{"confidence_interval":{"confidence_level":0.95,"lower_bound":417.2030446903121,"upper_bound":437.1925989028923},"point_estimate":426.29333560246783,"standard_error":5.134898403265046},"Median":{"confidence_interval":{"confidence_level":0.95,"lower_bound":409.82470894373364,"upper_bound":414.9507442639239},"point_estimate":412.3575402390494,"standard_error":1.1924987207385864},"MedianAbsDev":{"confidence_interval":{"confidence_level":0.95,"lower_bound":7.69786986648709,"upper_bound":13.616518188099736},"point_estimate":9.82896069293351,"standard_error":1.516375336929915},"Slope":{"confidence_interval":{"confidence_level":0.95,"lower_bound":412.17314665795885,"upper_bound":423.8866359822958},"point_estimate":417.2279233448575,"standard_error":3.0441916383243908},"StdDev":{"confidence_interval":{"confidence_level":0.95,"lower_bound":28.74371407290286,"upper_bound":69.557943322056},"point_estimate":51.66440652631967,"standard_error":10.635165552153763}}