{"Mean":{"confidence_interval":{"confidence_level":0.95,"lower_bound":27068.881816389854,"upper_bound":27568.032876837162},"point_estimate":27281.832788190284,"standard_error":128.91716935378838},"Median":{"confidence_interval":{"confidence_level":0.95,"lower_bound":27057.38030888031,"upper_bound":27302.374436936938},"point_estimate":27167.844577993226,"standard_error":52.253050580649386},"MedianAbsDev":{"confidence_interval":{"confidence_level":0.95,"lower_bound":373.34123207127374,"upper_bound":769.4106366958449},"point_estimate":610.2190490042833,"standard_error":105.6690824159172},"Slope":{"confidence_interval":{"confidence_level":0.95,"lower_bound":27079.21021480778,"upper_bound":27497.123878096805},"point_estimate":27262.152093346485,"standard_error":107.22904571235284},"StdDev":{"confidence_interval":{"confidence_level":0.95,"lower_bound":506.78580790018174,"upper_bound":2005.3479844078197},"point_estimate":1292.600286427934,"standard_error":415.61798843967347}}