{"Mean":{"confidence_interval":{"confidence_level":0.95,"lower_bound":27666.92685250488,"upper_bound":27909.328688333182},"point_estimate":27774.1710517594,"standard_error":62.07532993323473},"Median":{"confidence_interval":{"confidence_level":0.95,"lower_bound":27639.642305693145,"upper_bound":27871.315018315017},"point_estimate":27768.92597153804,"standard_error":57.86235963895242},"MedianAbsDev":{"confidence_interval":{"confidence_level":0.95,"lower_bound":323.88971360629097,"upper_bound":558.4157764095562},"point_estimate":432.5305174027469,"standard_error":59.666283479083454},"Slope":{"confidence_interval":{"confidence_level":0.95,"lower_bound":27721.700883992326,"upper_bound":27979.688537034057},"point_estimate":27838.317145707108,"standard_error":65.54588287624097},"StdDev":{"confidence_interval":{"confidence_level":0.95,"lower_bound":361.9738480537554,"upper_bound":925.5146702972177},"point_estimate":624.0991312227807,"standard_error":176.6704083756418}}