{"Mean":{"confidence_interval":{"confidence_level":0.95,"lower_bound":2700.8255247659094,"upper_bound":2721.7511261808236},"point_estimate":2710.777950364203,"standard_error":5.339758391164972},"Median":{"confidence_interval":{"confidence_level":0.95,"lower_bound":2688.840621840243,"upper_bound":2723.5493875086268},"point_estimate":2705.340268342391,"standard_error":9.082909749702427},"MedianAbsDev":{"confidence_interval":{"confidence_level":0.95,"lower_bound":39.51516782201625,"upper_bound":59.90305371996375},"point_estimate":48.556483366352424,"standard_error":5.413681504178449},"Slope":{"confidence_interval":{"confidence_level":0.95,"lower_bound":2711.4866817018524,"upper_bound":2733.053494901606},"point_estimate":2722.7301630193842,"standard_error":5.4889895833146625},"StdDev":{"confidence_interval":{"confidence_level":0.95,"lower_bound":39.36951197063235,"upper_bound":71.00864426398097},"point_estimate":53.71225130638029,"standard_error":8.814011330581407}}