{"Mean":{"confidence_interval":{"confidence_level":0.95,"lower_bound":35.20958541729802,"upper_bound":35.66106629729367},"point_estimate":35.410250565959934,"standard_error":0.11533951878691952},"Median":{"confidence_interval":{"confidence_level":0.95,"lower_bound":35.07356041304537,"upper_bound":35.42538752768055},"point_estimate":35.22741485051962,"standard_error":0.10936114229135958},"MedianAbsDev":{"confidence_interval":{"confidence_level":0.95,"lower_bound":0.4654520973519001,"upper_bound":0.8133698502940716},"point_estimate":0.6482089081429042,"standard_error":0.08708105068207561},"Slope":{"confidence_interval":{"confidence_level":0.95,"lower_bound":35.32828289523081,"upper_bound":36.04829197464811},"point_estimate":35.6203096480334,"standard_error":0.1898854149543753},"StdDev":{"confidence_interval":{"confidence_level":0.95,"lower_bound":0.6286375687185474,"upper_bound":1.7299107848059598},"point_estimate":1.1568561105601112,"standard_error":0.33263323817765994}}