{"Mean":{"confidence_interval":{"confidence_level":0.95,"lower_bound":27687.68159976819,"upper_bound":27864.35208726755},"point_estimate":27776.38787591095,"standard_error":45.06499828474432},"Median":{"confidence_interval":{"confidence_level":0.95,"lower_bound":27681.331148564295,"upper_bound":27902.126488095237},"point_estimate":27780.457868559562,"standard_error":50.481744213320646},"MedianAbsDev":{"confidence_interval":{"confidence_level":0.95,"lower_bound":316.096456460169,"upper_bound":546.0113303430505},"point_estimate":471.9611011917943,"standard_error":63.06483172539608},"Slope":{"confidence_interval":{"confidence_level":0.95,"lower_bound":27641.56530404699,"upper_bound":27868.584664352486},"point_estimate":27755.90473663038,"standard_error":57.67947848570924},"StdDev":{"confidence_interval":{"confidence_level":0.95,"lower_bound":386.0977744317112,"upper_bound":515.6931838060341},"point_estimate":453.74392167821577,"standard_error":33.10697160397382}}