{"Mean":{"confidence_interval":{"confidence_level":0.95,"lower_bound":312.0690035465963,"upper_bound":315.52992328133587},"point_estimate":313.793551229191,"standard_error":0.8812923125989731},"Median":{"confidence_interval":{"confidence_level":0.95,"lower_bound":311.32064375734274,"upper_bound":315.91523973196513},"point_estimate":314.1314354174586,"standard_error":1.1916435536052152},"MedianAbsDev":{"confidence_interval":{"confidence_level":0.95,"lower_bound":7.247015672082693,"upper_bound":11.144483373522418},"point_estimate":9.3203592249974,"standard_error":0.9909228139748609},"Slope":{"confidence_interval":{"confidence_level":0.95,"lower_bound":310.9711788271476,"upper_bound":314.30243933346003},"point_estimate":312.61024083979555,"standard_error":0.8501429353556275},"StdDev":{"confidence_interval":{"confidence_level":0.95,"lower_bound":7.378546374463557,"upper_bound":10.409856782035467},"point_estimate":8.867763560386317,"standard_error":0.7817234400574061}}