{"Mean":{"confidence_interval":{"confidence_level":0.95,"lower_bound":27834.416550049107,"upper_bound":28358.73346798097},"point_estimate":28069.412278364976,"standard_error":134.1954268596748},"Median":{"confidence_interval":{"confidence_level":0.95,"lower_bound":27816.485994299597,"upper_bound":28078.87087087087},"point_estimate":27940.29761904762,"standard_error":75.02656623145043},"MedianAbsDev":{"confidence_interval":{"confidence_level":0.95,"lower_bound":374.6300683489855,"upper_bound":693.7442852761675},"point_estimate":526.5912394516419,"standard_error":81.64643200583428},"Slope":{"confidence_interval":{"confidence_level":0.95,"lower_bound":27740.852269149982,"upper_bound":28203.774335358215},"point_estimate":27963.787274846887,"standard_error":118.14432396045797},"StdDev":{"confidence_interval":{"confidence_level":0.95,"lower_bound":684.4810732348084,"upper_bound":1969.332870679423},"point_estimate":1345.7819815131515,"standard_error":342.3434268842765}}