{"Mean":{"confidence_interval":{"confidence_level":0.95,"lower_bound":310.2654537697237,"upper_bound":311.76451283090825},"point_estimate":310.9987551687165,"standard_error":0.3818594487430353},"Median":{"confidence_interval":{"confidence_level":0.95,"lower_bound":309.54070588235294,"upper_bound":311.6718108496732},"point_estimate":310.6939399585921,"standard_error":0.46232612669480505},"MedianAbsDev":{"confidence_interval":{"confidence_level":0.95,"lower_bound":2.7952657297970247,"upper_bound":4.758391302378856},"point_estimate":3.481633330304772,"standard_error":0.48909531523865485},"Slope":{"confidence_interval":{"confidence_level":0.95,"lower_bound":310.5664066621074,"upper_bound":312.4944445512572},"point_estimate":311.5272106739175,"standard_error":0.4915955911389095},"StdDev":{"confidence_interval":{"confidence_level":0.95,"lower_bound":3.279528529810948,"upper_bound":4.334560384221543},"point_estimate":3.8405149936938265,"standard_error":0.2697638413175883}}