{"Mean":{"confidence_interval":{"confidence_level":0.95,"lower_bound":78.78201391773786,"upper_bound":79.46161818837858},"point_estimate":79.10288762359882,"standard_error":0.17372403533441938},"Median":{"confidence_interval":{"confidence_level":0.95,"lower_bound":78.22204161864568,"upper_bound":78.71599380898948},"point_estimate":78.4881784969941,"standard_error":0.12156206317306706},"MedianAbsDev":{"confidence_interval":{"confidence_level":0.95,"lower_bound":0.5616774764180712,"upper_bound":1.1659904602172086},"point_estimate":0.8716309722952561,"standard_error":0.158924976146017},"Slope":{"confidence_interval":{"confidence_level":0.95,"lower_bound":79.40969037265293,"upper_bound":80.32499719485669},"point_estimate":79.85821963049912,"standard_error":0.23396681859049484},"StdDev":{"confidence_interval":{"confidence_level":0.95,"lower_bound":1.2486987643116134,"upper_bound":2.191834136899726},"point_estimate":1.7442802576919787,"standard_error":0.24108843358729093}}