{"Mean":{"confidence_interval":{"confidence_level":0.95,"lower_bound":33.85396119392142,"upper_bound":34.35396985113707},"point_estimate":34.0847485903881,"standard_error":0.12795318316265522},"Median":{"confidence_interval":{"confidence_level":0.95,"lower_bound":33.598330922677086,"upper_bound":33.74693951361598},"point_estimate":33.66292677410772,"standard_error":0.03857988936996144},"MedianAbsDev":{"confidence_interval":{"confidence_level":0.95,"lower_bound":0.20710320216346526,"upper_bound":0.3763579899847743},"point_estimate":0.2903853709024762,"standard_error":0.04285368546206093},"Slope":{"confidence_interval":{"confidence_level":0.95,"lower_bound":33.91637011243654,"upper_bound":34.589202905545996},"point_estimate":34.21853439884476,"standard_error":0.1728867169636569},"StdDev":{"confidence_interval":{"confidence_level":0.95,"lower_bound":0.7847103854460387,"upper_bound":1.731659757321211},"point_estimate":1.2835264615452524,"standard_error":0.2443765128183433}}