{"Mean":{"confidence_interval":{"confidence_level":0.95,"lower_bound":35.282993412312216,"upper_bound":36.27293447262058},"point_estimate":35.70241631324494,"standard_error":0.2568506411245487},"Median":{"confidence_interval":{"confidence_level":0.95,"lower_bound":35.09521639692327,"upper_bound":35.41692153169309},"point_estimate":35.30272196880803,"standard_error":0.07993918301523757},"MedianAbsDev":{"confidence_interval":{"confidence_level":0.95,"lower_bound":0.5119764716066587,"upper_bound":0.8580321675177446},"point_estimate":0.7240845055214529,"standard_error":0.08875775601549987},"Slope":{"confidence_interval":{"confidence_level":0.95,"lower_bound":35.28890440626567,"upper_bound":36.58566512898814},"point_estimate":35.82063037644346,"standard_error":0.337189211764486},"StdDev":{"confidence_interval":{"confidence_level":0.95,"lower_bound":0.724023005839314,"upper_bound":3.9675825328976035},"point_estimate":2.5869284704487723,"standard_error":0.8754646421170273}}