{"Mean":{"confidence_interval":{"confidence_level":0.95,"lower_bound":2749.004380906295,"upper_bound":2766.391873295916},"point_estimate":2757.48678481202,"standard_error":4.42634268020894},"Median":{"confidence_interval":{"confidence_level":0.95,"lower_bound":2743.947893633518,"upper_bound":2756.194608867224},"point_estimate":2750.147383712223,"standard_error":2.872933963159316},"MedianAbsDev":{"confidence_interval":{"confidence_level":0.95,"lower_bound":29.99958818213355,"upper_bound":47.323548594777414},"point_estimate":41.732234860133204,"standard_error":4.367304836346195},"Slope":{"confidence_interval":{"confidence_level":0.95,"lower_bound":2749.906547243587,"upper_bound":2767.989365613172},"point_estimate":2758.708877581809,"standard_error":4.6166518369661},"StdDev":{"confidence_interval":{"confidence_level":0.95,"lower_bound":37.125629332225294,"upper_bound":50.779698995640416},"point_estimate":44.42959859393506,"standard_error":3.47831044899623}}