{"Mean":{"confidence_interval":{"confidence_level":0.95,"lower_bound":27366.882297754793,"upper_bound":27700.85929712387},"point_estimate":27524.279670719603,"standard_error":85.07203962860706},"Median":{"confidence_interval":{"confidence_level":0.95,"lower_bound":27224.682522522522,"upper_bound":27542.036382536382},"point_estimate":27360.739888164026,"standard_error":83.13109940286212},"MedianAbsDev":{"confidence_interval":{"confidence_level":0.95,"lower_bound":508.9191745215357,"upper_bound":736.0120610650469},"point_estimate":625.4768554914659,"standard_error":56.03196441542028},"Slope":{"confidence_interval":{"confidence_level":0.95,"lower_bound":27117.27048387248,"upper_bound":27601.89264088203},"point_estimate":27325.81901876755,"standard_error":125.01508790248346},"StdDev":{"confidence_interval":{"confidence_level":0.95,"lower_bound":581.3690850963598,"upper_bound":1096.9227309219877},"point_estimate":856.9555961644006,"standard_error":132.30848306366488}}