{"Mean":{"confidence_interval":{"confidence_level":0.95,"lower_bound":27069.392555015445,"upper_bound":27432.06398715466},"point_estimate":27246.240090988944,"standard_error":92.18493544635623},"Median":{"confidence_interval":{"confidence_level":0.95,"lower_bound":26899.794967381175,"upper_bound":27200.365158636898},"point_estimate":26954.789353542732,"standard_error":71.38671338841432},"MedianAbsDev":{"confidence_interval":{"confidence_level":0.95,"lower_bound":400.8313575738505,"upper_bound":760.0021513314459},"point_estimate":512.3929225363463,"standard_error":86.80509163628872},"Slope":{"confidence_interval":{"confidence_level":0.95,"lower_bound":26944.82796756417,"upper_bound":27491.484533686584},"point_estimate":27211.851339928668,"standard_error":139.3112503595136},"StdDev":{"confidence_interval":{"confidence_level":0.95,"lower_bound":743.9373293470499,"upper_bound":1081.7387477709765},"point_estimate":925.1224278306172,"standard_error":86.23611340788383}}