{"Mean":{"confidence_interval":{"confidence_level":0.95,"lower_bound":34.095423438836036,"upper_bound":34.497752154281315},"point_estimate":34.28272133411863,"standard_error":0.10302772383859896},"Median":{"confidence_interval":{"confidence_level":0.95,"lower_bound":33.727772914687584,"upper_bound":34.25552040176862},"point_estimate":33.818762687849876,"standard_error":0.14575936577399606},"MedianAbsDev":{"confidence_interval":{"confidence_level":0.95,"lower_bound":0.17344316073524052,"upper_bound":0.8176390213189015},"point_estimate":0.38448587867747447,"standard_error":0.17586389459379162},"Slope":{"confidence_interval":{"confidence_level":0.95,"lower_bound":33.89073504771834,"upper_bound":34.251190427303264},"point_estimate":34.058495539357885,"standard_error":0.09237177561834414},"StdDev":{"confidence_interval":{"confidence_level":0.95,"lower_bound":0.6489136193112697,"upper_bound":1.3988259231568274},"point_estimate":1.0375994874544296,"standard_error":0.19503156067310867}}