{"Mean":{"confidence_interval":{"confidence_level":0.95,"lower_bound":400.8326039944143,"upper_bound":404.7941188582043},"point_estimate":402.64457484363624,"standard_error":1.012195184346864},"Median":{"confidence_interval":{"confidence_level":0.95,"lower_bound":399.5917107583774,"upper_bound":402.2955459950155},"point_estimate":400.8459044193128,"standard_error":0.7408667363276927},"MedianAbsDev":{"confidence_interval":{"confidence_level":0.95,"lower_bound":6.480158835938195,"upper_bound":9.8996722274561},"point_estimate":8.409753787721613,"standard_error":0.8805005197660786},"Slope":{"confidence_interval":{"confidence_level":0.95,"lower_bound":401.1610284913537,"upper_bound":408.92557799517886},"point_estimate":404.41518906748354,"standard_error":2.0226166282468374},"StdDev":{"confidence_interval":{"confidence_level":0.95,"lower_bound":6.331125590487272,"upper_bound":14.496774416134402},"point_estimate":10.172101036353832,"standard_error":2.3790783152800956}}