{"Mean":{"confidence_interval":{"confidence_level":0.95,"lower_bound":3405.1312869897833,"upper_bound":3459.1514688926018},"point_estimate":3431.216837899261,"standard_error":13.764415174926581},"Median":{"confidence_interval":{"confidence_level":0.95,"lower_bound":3374.5984211721943,"upper_bound":3454.13547954393},"point_estimate":3403.422340399787,"standard_error":18.09537785375533},"MedianAbsDev":{"confidence_interval":{"confidence_level":0.95,"lower_bound":92.80624585075952,"upper_bound":139.19786096504373},"point_estimate":114.08892170400226,"standard_error":11.945146668722105},"Slope":{"confidence_interval":{"confidence_level":0.95,"lower_bound":3415.433425950177,"upper_bound":3483.557337100498},"point_estimate":3447.835628807573,"standard_error":17.39777593680997},"StdDev":{"confidence_interval":{"confidence_level":0.95,"lower_bound":107.1314762711192,"upper_bound":168.22309722403347},"point_estimate":138.7976274350715,"standard_error":15.639082618983268}}