{"Mean":{"confidence_interval":{"confidence_level":0.95,"lower_bound":27936.200621693453,"upper_bound":28086.17851914257},"point_estimate":28010.624102382742,"standard_error":38.28734243159772},"Median":{"confidence_interval":{"confidence_level":0.95,"lower_bound":27849.68650793651,"upper_bound":28060.591168091167},"point_estimate":27945.83587962963,"standard_error":43.16973551898691},"MedianAbsDev":{"confidence_interval":{"confidence_level":0.95,"lower_bound":290.06959426046495,"upper_bound":493.8230692631433},"point_estimate":378.2665075899817,"standard_error":52.89190977320802},"Slope":{"confidence_interval":{"confidence_level":0.95,"lower_bound":27890.82966396208,"upper_bound":28044.708028493726},"point_estimate":27965.00937490764,"standard_error":39.305210849562755},"StdDev":{"confidence_interval":{"confidence_level":0.95,"lower_bound":337.01517265256626,"upper_bound":428.27305699775224},"point_estimate":385.68071271526856,"standard_error":23.31760390310028}}