{"Mean":{"confidence_interval":{"confidence_level":0.95,"lower_bound":3567.173555135443,"upper_bound":3623.506720705146},"point_estimate":3595.045586200007,"standard_error":14.354863584901038},"Median":{"confidence_interval":{"confidence_level":0.95,"lower_bound":3528.599023199023,"upper_bound":3619.872090568812},"point_estimate":3575.754921307417,"standard_error":22.20156493256678},"MedianAbsDev":{"confidence_interval":{"confidence_level":0.95,"lower_bound":133.96800064627377,"upper_bound":221.75198232391315},"point_estimate":183.7881764040973,"standard_error":21.68831076175947},"Slope":{"confidence_interval":{"confidence_level":0.95,"lower_bound":3491.153723350347,"upper_bound":3539.826250670259},"point_estimate":3513.75692730992,"standard_error":12.494154997735485},"StdDev":{"confidence_interval":{"confidence_level":0.95,"lower_bound":130.86979234585496,"upper_bound":156.57180757184543},"point_estimate":144.72766403408428,"standard_error":6.573511206349375}}