{"Mean":{"confidence_interval":{"confidence_level":0.95,"lower_bound":321.373019898753,"upper_bound":324.4343003143733},"point_estimate":322.76975048847,"standard_error":0.7795373724583936},"Median":{"confidence_interval":{"confidence_level":0.95,"lower_bound":320.0635856750534,"upper_bound":323.57705037279504},"point_estimate":321.86410364901053,"standard_error":0.8324451942202594},"MedianAbsDev":{"confidence_interval":{"confidence_level":0.95,"lower_bound":4.632158111285551,"upper_bound":7.116252402620359},"point_estimate":6.040309758403031,"standard_error":0.6352616641338648},"Slope":{"confidence_interval":{"confidence_level":0.95,"lower_bound":319.19602510309295,"upper_bound":321.47858401900965},"point_estimate":320.28009743056043,"standard_error":0.5819174732536722},"StdDev":{"confidence_interval":{"confidence_level":0.95,"lower_bound":4.703128420692427,"upper_bound":11.107506755518235},"point_estimate":7.819039897045144,"standard_error":1.757543747243178}}